company_name,offerings_raw,homepage,email,updated_services,contact_person
Unknown,"Auftragsarbeiten:
METALL: Metallmontage
KUNSTSTOFF: Kunststoffmontage
ELEKTRO: Elektromontage, Kabelkonfektionierung
RECYCLING: Elektro-/Elektronik-Recycling, Demontagearbeiten
DRUCK/GRAFIK: Druckerei, Druckweiterverarbeitung, Grafische Gestaltung, 
Fotokopieren
EDV-/BÜRODIENSTLEISTUNGEN: Digitale Archivierung
MAILING UND VERSANDARBEITEN
VERPACKUNGSARBEITEN
GARTEN-/LANDSCHAFTSPFLEGE: Garten-und Grundstückspflege
SONSTIGE LEISTUNGEN: Aktenvernichtung, Fahrradwerkstatt, Logistische 
Leistungen, Ku",http://www.atwmannheim.de,info@atwmannheim.de,,
Unknown,"Auftragsarbeiten:
METALL: Trennen (z. B. Sägezuschnitte, Bohren, Drehen, Fräsen, 
Flachschleifen), Fügen (z. B. Schweißen)
HOLZ: Einzel- und Serienteile, Palettenherstellung (Spezialpaletten), 
Möbelfertigung (Sonderanfertigung von Möbeln)
MONTAGE: Mechanische und elektromechanische Komponenten
MAILING UND VERSANDARBEITEN: Postversand: Falzen, Kuverieren, 
Adressbearbeitung und Katalogversand
VERPACKUNGS- UND KONFEKTIONIERUNGSARBEITEN: Kleinmontage, 
Verpackung, Folienverpackung, Schachtelverpac",http://www.gemeindediakonie-mannheim.de/arbeiten/unsere-werkstaetten/allgemeine-informationen,info@diakoniewerkstatt.de,,
Unknown,,,,,
Unknown,"Auftragsarbeiten:
METALL: Trennen, Fügen (z. B. Schweißarbeiten), Metallmontage, 
Spanabhebende Fertigung, CNC-Fertigung
KUNSTSTOFF: Kunststoffbearbeitung, Kunststoffmontage
ELEKTRO: Elektromontage, Kabelkonfektionierung, Crimparbeiten, Löt- u. 
Endlötarbeiten, Verdrahtung Schaltkästen, Verarbeitung elektrostatische 
gefährdeter Bauteile (ESD)
TEXTIL: Näherei
lebensART: Die Nähwerkstatt lebensART stellt mit viel Liebe zum Detail 
wunderschöne Produkte aus hochwertigen Designerstoffen her (siehe:",https://www.rnw.de,info@rnw.de,,
Unknown,,,,,
Unknown,"Auftragsarbeiten:
METALL: Fügen, Metallmontage
KUNSTSTOFF: Kunststoffmontage
ELEKTRO: Elektromontage, Kabelkonfektionierung
DRUCK/GRAFIK: Druckerei, Grafische Gestaltung, Fotokopieren, Bedrucken 
von Gegenständen (z.B. Textildruck)
EDV-/BÜRODIENSTLEISTUNGEN: Büroservice
VERPACKUNGSARBEITEN: z.B. Kleinmontagen, Konfektionierung, Sortier-, 
Wiege- und Zählarbeiten
HAUSWIRTSCHAFT: Wäscherei
SONSTIGE LEISTUNGEN: Gastronomie, Logistische Leistungen, 
Qualitätssicherung (Produktkontrolle für externe F",http://www.lebenshilfe-wiesloch.de,info@lebenshilfe-wiesloch.de,,
Unknown,"Auftragsarbeiten:
HOLZ: Holzbearbeitung, Insektenhotels, Kartoffelkisten, Holzbrettchen, Krippen 
usw.
DRUCK/GRAFIK: Visitenkarten, Fotokopieren, Grußkarten
MONTAGE- und VERPACKUNGSARBEITEN
HAUSWIRTSCHAFT: private und gewerbliche Wäschedienstleistungen
GARTEN-/ LANDSCHAFTSPFLEGE: Gartendienstleistungen
Produkte:
SONSTIGE PRODUKTE: Filztaschen, Brotbeutel, Demenzdecken, 
HandytaschenWeitere Betriebsstätten:
Außenstelle:
Kurpfalzstraße 1
69469 Weinheim Lützelsachsen
Telefon: 06201 259398 0
Telefax",,verwaltung.caritaswerkstatt@caritas-,,
Unknown,"Auftragsarbeiten:
METALL: Metallmontage
DRUCK/GRAFIK: Druckweiterverarbeitung, Fotokopieren
MAILING UND VERSANDARBEITEN
VERPACKUNGSARBEITEN
HAUSWIRTSCHAFT: Catering, Casino, Großküche, Wäscherei, Reinigungsarbeiten, Cafébetrieb
GARTEN-/ LANDSCHAFTSPFLEGE: Garten- und Pflanzenpflege, Landschaftspflege
MANUFAKTURBEREICH: Schreinerei, Lederwerkstatt, Siebdruckwerkstatt
SONSTIGE LEISTUNGEN: Logistische Leistungen, Tierhof
Seite - 7 -Rehabilitationszentrum Rudolf-Sophien-Stift gGmbH",https://caritas-rhein-neckar.de/caritaswerkstatt-weinheim,k.hartmann@caritas-rhein-neckar.de,,
Unknown,"Auftragsarbeiten:
METALL: CNC-Bearbeitung (Fräsen, Drehen), Metallbe- und -verarbeitung
ELEKTRO: Elektromontage, Kabelkonfektionierung
DRUCK/GRAFIK: Druckerei (Digitaldruck), Druckweiterverarbeitung
EDV-/BÜRODIENSTLEISTUNGEN: Daten- und Texterfassung, Digitale 
Archivierung (z. B. Scanning)
MAILING UND VERSANDARBEITEN
VERPACKUNGS- und KONFEKTIONIERUNGSARBEITEN
HAUSWIRTSCHAFT: Wäscherei, Näherei, Hausreinigung, Küche
GASTRONOMIE: Café, Restaurant, Catering
STADTPALAIS - Museum für Stuttgart: Besu",https://rudolfs.de/,wfbm_sekretariat@rrss.de,,
Unknown,"Auftragsarbeiten:
METALL: Umformen (z. B. Sicken, Biegen), Trennen (z. B. Drehen, Fräsen, 
Sägen, Bohren), CNC-Bearbeitung, Fügen (z. B. Punktschweißen, Nieten), 
Metallmontage
HOLZ: Holzbearbeitung, Holzmontage, Spielzeugherstellung, Zuschneiden, 
Schleifen, Sägen, Abschrägen, Leimen, Ölen, Montieren, Einbrennen von 
Logos und Schriftzügen
MONTAGEARBEITEN: Teil- und Komplettmontage, Gerätemontage, Fügen, 
Schrauben, Verstemmen, Disposition, Bestellung, Bauteiledisposition, 
Kommissionieren
EDV-",https://www.lebenshilfe-stuttgart.de,werkstaetten@lebenshilfe-stuttgart.de,,
Unknown,"Auftragsarbeiten:
METALL: Trennen, Fügen, Metallmontage, Zerspanung
MONTAGE: einfache Montagearbeiten
KUNSTSTOFF: Kunststoffbearbeitung, Kunststoffmontage
ELEKTRO: Elektromontage, Kabelkonfektionierung
EDV-/BÜRODIENSTLEISTUNGEN (PC-Service & Lettershop): Einscannen / 
Digitalisieren ab 'A0' und damit zusammenhängende Kontrolltätigkeiten
MAILING UND VERSANDARBEITEN: Etikettieren, Kuvertieren, etc.
VERPACKUNGSARBEITEN
HAUSWIRTSCHAFT: Catering/Partyservice, Reinigungsarbeiten,
Vermietung u. Bewirts",https://www.bhz.de,info@bhz.de,,
Unknown,"Auftragsarbeiten:
METALL: Trennen (z. B. Bohren, Fräsen), Fügen, Metallbearbeitung,
HOLZ: Holzbearbeitung, Spielzeugherstellung, CNC Auftragsarbeiten
KUNSTSTOFF: Montage, Verpackung
TEXTIL/LEDER: Weberei
VERPACKUNGSARBEITEN: Industriemontage
MONTAGEARBEITEN: Industriemontage
HAUSWIRTSCHAFT: Reinigungsarbeiten (Gebäudereinigung der Musikschule 
Filderstadt)
GROSSKÜCHE: Interne Versorgung mit Mittagessen
GARTEN-/LANDSCHAFTSPFLEGE: Garten- und Landschaftsbau, Garten- und 
Pflanzenpflege, Landschaft",http://www.ksg-ev.eu,info@ksg-ev.eu,,
Unknown,"Auftragsarbeiten:
METALL: Umformen, Trennen (z. B. Fräsen), Fügen (z. B. Schweissen), 
Metallmontage
MONTAGEARBEITEN: von Kleinteilmontage bis Zusammenfügen von 
Baugruppen
HOLZ: Holzbearbeitung, Holzmontage, Kistenfertigung, Palettenherstellung
KUNSTSTOFF: Kunststoffmontage
ELEKTRO: Elektromontage, Kabelkonfektionierung
LACKIERARBEITEN/BESCHICHTUNGEN: Pulverbeschichtung
DRUCK/GRAFIK: Fotokopieren, Bedrucken von Gegenständen (Tampondruck)
EDV-/BÜRODIENSTLEISTUNGEN
MAILING UND VERSANDARBEITEN
VER",http://www.gww-netz.de,kontakt@gww-netz.de,,
Unknown,"Auftragsarbeiten:
METALL: Trennen (z. B. Fräsen, Bohren, Sägen), Fügen (z. B. Nieten)
KUNSTSTOFF: Kunststoffmontage
ELEKTRO: Elektromontage, Kabelkonfektionierung
VERPACKUNGS- und MONTAGEARBEITEN
SONSTIGE LEISTUNGEN: Gastronomie (Café B21), Kfz-Schilderstelle
Produkte:
SONSTIGE PRODUKTE: Kfz-Schilder; KunstprodukteWeitere Betriebsstätten:
Werkstatt Leonberg
Böblinger Straße 28
71229 Leonberg
Telefon: 07152 9752-12
Telefax: 07152 9752-11
Werkstatt Höfingen
Röntgenstraße 6
71229 Leonberg
Telefon:",https://www.atrio-leonberg.de,info@atrio-leonberg.de,,
Unknown,"Auftragsarbeiten:
KUNSTSTOFF: Kunststoffmontage
ELEKTRO: Elektromontage
MONTAGE: von einfachen Montierarbeiten bis hin zur kompletten Montage von 
Baugruppen
RECYCLING: Elektro-/Elektronik-Recycling, Kunststoff-Recycling, Metall-  
Recycling
DRUCK/GRAFIK: Bedrucken von Gegenständen
EDV-/BÜRODIENSTLEISTUNGEN
VERPACKUNGSARBEITEN
HAUSWIRTSCHAFT: Wäscherei
GARTEN-/LANDSCHAFTSPFLEGE
SONSTIGE LEISTUNGEN: Gastronomie (Café Entrée im Gesundheitszentrum 
Schorndorf), Logistische Leistungen, 'meinwerk'-Pr",https://remstal-werkstaetten.diakonie-stetten.de/startseite/,info@remstal-werkstaetten.de,,
Unknown,"Auftragsarbeiten:
METALL: Trennen (z. B. Sägerei), Metallmontage
KUNSTSTOFF: Kunststoffbearbeitung, Kunststoffmontage
ELEKTRO: Elektromontage, Kabelkonfektionierung
TEXTIL/LEDER: Näherei (Industrietextilien)
VERPACKUNGSARBEITEN: Verpackungsautomaten, manuelle Verpackung
SONSTIGE LEISTUNGEN: Korbflechterei, Stuhlgeflechte, 
Laserbeschriftungen, Ultraschallschweißen
Produkte:
TEXTIL-/LEDERWAREN: Taschen, Etuis, Mäppchen
BIOLAND-LEBENSMITTEL: Rindfleisch, Eier, Suppenhühner, Wurstdosen
KUNSTHANDWER",https://www.paulinenpflege.de/bkw,bkw@paulinenpflege.de,,
Unknown,"Auftragsarbeiten:
DIENSTLEISTUNGSGRUPPE GARTEN- UND LANDSCHAFTSPFLEGE
Garten- und Pflanzenpflege (z. B. Rasen mähen, Heckenschnitt, Grab-, 
Hydrokulturpflege - wird von uns nicht durchgeführt), Landschaftspflege (z. B. 
Pflege von Park- und Grünanlagen, Firmengeländen, Spiel- und Sportplätzen, 
Friedhöfe und Privatgärten), Strauch und Staudenpflanzungen inkl. Beratung.
DIENSTLEISTUNGSGRUPPE MALER
Maler- und Lackierarbeiten-, Instandsetzungs-, Tapezier- und 
Fußbodenverlegearbeiten. Außerdem Fass",http://www.theo-lorch-werkstaetten.de,info@theo-lorch-werkstaetten.de,,
Unknown,,,,,
Unknown,"Auftragsarbeiten:
LASERTECHNIK: Schneiden und Gravieren von Metall, Kunststoff, Holz und sonstigen Materialien
KUNSTSTOFF: Kunststoffmontage
ELEKTRO: Elektromontage, Kabelkonfektionierung
TEXTIL: Näherei
MAILING UND VERSANDARBEITEN
MONTAGE- UND VERPACKUNGSARBEITEN: Tankdeckel, Auslaufsysteme, Kabelhalterungen, 
Schaltschranksteckdosen, Elektrische Bauelemente, Montage Medizintechnik (Stethoskope, Laryngoskope, 
Zeckenpinzetten), Kommissionierung und Verpackung (Färbebeutel, Fixiersalz, Glasfarbe",https://www.habila.de,karl-heinz.dettling@habila.de,,
Unknown,"Auftragsarbeiten:
MONTAGE: Montage von einfachen Baugruppen
VERPACKUNGSARBEITEN: Verpackungsarbeiten in PE-Beutel aller Art, 
Verpackungen mit Polyolefin Feinschrumpffolien, Konfektionieren von 
Kleinteilen
GARTEN-/LANDSCHAFTSPFLEGE: Garten- und Pflanzenpflege, 
Landschaftspflege
Produkte:
KUNSTHANDWERK: Kreativprodukte aus Ton und FilzWeitere Betriebsstätten:
Werkhaus Horb (Werkstatt für 
psychisch behinderte Menschen)
Saarstraße 2
72160 Horb
Telefon: 07451 557150
Telefax: 07451 557152
E-Mail:",http://www.bruderhausdiakonie.de,wfbm.fds-freudenstadt@bruderhausdiakonie.de,,
Unknown,"Auftragsarbeiten:
METALL: Trennen, Zerspanen wie Bohren, Drehen, Fräsen bis L=2200, Fügen, 
Metallmontage
HOLZ: Holzbearbeitung, Holzmontage, Kistenfertigung
KUNSTSTOFF: Kunststoffmontage, Kunststoffbearbeitung
ELEKTRO: Elektromontage, Kabelkonfektionierung, Löten, 
Schaltschrankmontagen
TEXTIL/LEDER: Näherei
MONTAGE: Ganze Aggregate/Maschinen/Baugruppen, Systemlieferant
RECYCLING: Demontage-Arbeiten
DRUCK/GRAFIK: Druckweiterverarbeitung
MAILING UND VERSANDARBEITEN
VERPACKUNGSARBEITEN, SORTIERAR",http://www.schwarzwaldwerkstatt.de,info@schwarzwaldwerkstatt.de,,
Unknown,"Auftragsarbeiten:
METALL: Metallbearbeitung, Umformen, Trennen, CNC-Bearbeitung, Fügen, 
Metallmontage
HOLZ: Holzbearbeitung, Holzmontage
KUNSTSTOFF: Kunststoffbearbeitung, Kunststoffverarbeitung, 
Kunststoffmontage
ELEKTRO: Kabelkonfektionierung, Elektronikfertigung, THT-Bestückung, 
Zusammenbau von Elektronikprodukten, Elektromontage
REINRAUM: INDUSTRIEMONTAGE in HACCP-konformen Räumen
DRUCK/GRAFIK: Digitaldruck/Tampondruck, Druckweiterverarbeitung, 
Fotokopieren
MAILING UND VERSANDARBEITEN
VE",,,,
Unknown,"Auftragsarbeiten:
KARTONAGEN: Kartonmontage und Gefache
KUNSTSTOFF: Kunststoffmontage
DRUCK/GRAFIK: Satz/Layout
EDV-/BÜRODIENSTLEISTUNGEN
SORTIER-/KONTROLL- UND VERPACKUNGSARBEITEN
HAUSWIRTSCHAFT
GARTEN-/LANDSCHAFTSPFLEGE
DIENSTLEISTUNGEN
Seite - 20 -Mariaberger Werkstätten",http://www.zaw-ggmbh.de,info@zaw-ggmbh.de,,
Unknown,,,,,
Unknown,"Auftragsarbeiten:
METALL: Trennen, Metallmontage
KUNSTSTOFF: Kunststoffmontage
ELEKTRO: Elektromontage
VERPACKUNGSARBEITEN: Kleinmontage, Konfektionieren
Produkte:
LEBENSMITTEL: Landwirtschaftliche Erzeugnisse, BioprodukteWeitere Betriebsstätten:
Betriebsstätte für psychisch 
behinderte Menschen:
Werkstatt am Neckar
Heinrich-Otto-Str. 20
73240 Wendlingen
Telefon: 07024 46953-0
Telefax: 07024 46953-99Baden-Württemberg (Bezirk der Regionaldirektion Baden-Württemberg)
Burghaldenstr. 1  
72501 Gamme",http://www.mariaberg.de,wfbm@mariaberg.de,,
Unknown,"Auftragsarbeiten:
METALL: Spanende Bearbeitung (z. B. Bohren, Senken, Gewindeschneiden, 
Stanzen),
CNC-Bearbeitung (CNC-Drehen u. - Fräsen), Fügen (z. B. Schweißen, 
Pressen), Metallmontage
MONTAGE: Kleinere Baugruppen
ELEKTRO: Elektromontage, Kabelkonfektionierung
VERPACKUNGSARBEITEN
weitere Infos unter https://www.leben-inklusiv.de/industriekunden/Weitere Betriebsstätten:
Leben inklusiv e.V.
Siemensstr. 18
72636 Frickenhausen
Telefon: 07022 27361-0
Habila GmbH  
WfbM Rappertshofen Reutlingen",,,,
Unknown,"Auftragsarbeiten:
ELEKTRO: Elektromontage, Kabelkonfektionierung mit Beschaffungslogistik
EDV-/BÜRODIENSTLEISTUNGEN: Daten- und Texterfassung, Sonstige EDV-  
Dienstleistungen, Frankierservice (Firmenpost, Tagespost)
MAILING UND VERSANDARBEITEN
VERPACKUNGSARBEITEN
GARTEN-/LANDSCHAFTSPFLEGE: Garten- und Pflanzenpflege
SONSTIGE LEISTUNGEN: Baugruppenmontage mit Beschaffungslogistik, 
Stempel-/Gravierabteilung und Laserabteilung, Produktkontrolle / 
Sortierarbeiten
Produkte:
BÜCHER: Buchladen Rappe",http://www.leben-inklusiv.de,info@leben-inklusiv.de,,
Unknown,"Auftragsarbeiten:
METALL: Fräsen, Bohren, Sägen, Gewindeschneiden, CNC-Bearbeitung, 
Metallmontage
HOLZ: Holzbearbeitung, Holzmontage, Kistenfertigung, Spielzeugherstellung, 
CNC-Bearbeitung, Herstellung von Produkten aus Holz nach Kundenwunsch
MONTAGE: Baugruppenmontage, einfache Montage von Hand, automatisierte 
Montage
LACKIERARBEITEN/BESCHICHTUNGEN (Holz)
DRUCK/GRAFIK: Druck von Broschüren, Flyern, Plakaten, Kalendern, 
Premium Digitaldruck, Druckweiterverarbeitung, Lettershop Dienstleistung",www.bruderhausdiakonie.de,frank.vonmalottky@bruderhausdiakonie.de,,
Unknown,"Auftragsarbeiten:
METALL: Umformen, Trennen, Fügen, Metallmontage, Ausstattung: NC 
Fräsmaschine, verschiedenste Metallbohrmaschinen, Drehmaschine, 
Abkantvorrichtung, Metallkappsäge, Gewindeschneidemaschine
HOLZ: Holzbearbeitung, Holzmontage, Kistenfertigung, Palettenherstellung, 
Möbelfertigung, Spielzeugherstellung
KUNSTSTOFF: Kunststoffmontage
ELEKTRO: Elektromontage, Kabelkonfektionierung
DRUCK/GRAFIK: Fotokopieren, Bedrucken von Gegenständen
EDV-/BÜRODIENSTLEISTUNGEN: Digitale Archivierung",http://www.freundeskreismensch.de,info@freundeskreismensch.de,,
Unknown,"Auftragsarbeiten:
METALL: Trennen (z. B. Fräsen, Drehen, Bohren), Fügen, Metallmontage
KUNSTSTOFF: Kunststoffbearbeitung, Kunststoffmontage
ELEKTRO: Elektromontage, Kabelkonfektionierung
TEXTIL/LEDER: Näherei
EDV-/BÜRODIENSTLEISTUNGEN: Digitale Archivierung (Digitalisierung von 
Daten, Scannen von Dias)
MAILING UND VERSANDARBEITEN
VERPACKUNGS- UND KONFEKTIONIERUNGSARBEITEN
GARTEN-/LANDSCHAFTSPFLEGE: Garten- und Pflanzenpflege, 
Landschaftspflege
HAUSWIRTSCHAFT: Wäscherei
SONSTIGE LEISTUNGEN: Log",http://www.lh-goeppingen.de,wfb@lh-goeppingen.de,,
Unknown,"Auftragsarbeiten:
METALL: Trennen, Fügen, Metallmontage
ELEKTRO: Elektromontage, Kabelkonfektionierung
EDV-/BÜRODIENSTLEISTUNGEN
MAILING UND VERSANDARBEITEN
VERPACKUNGS- UND MONTAGEARBEITEN
SONSTIGE LEISTUNGEN: Logistische Leistungen, Qualitätssicherung 
(Produktkontrolle für externe Firmen)Weitere Betriebsstätten:
Werkstatt im GANT
Steinbergstraße 10
72622 Nürtingen
Telefon: 07022 7389-10
Telefax: 07022 7389-18
Maultaschenlädle
Zehntstraße 25
73779 Deizisau
Telefon 07153 921942
E-Mail: info@w-e",http://www.arbeg.de,info@w-e-k.deBaden-Württemberg,,
Unknown,"Auftragsarbeiten:
METALL: Umformen, Trennen, CNC-Bearbeitung (Drehen, Fräsen), Fügen, 
Metallmontage
HOLZ: Holzbearbeitung, Holzmontage, Kistenfertigung, Palettenherstellung, 
Möbelfertigung, CNC-Fertigung
KUNSTSTOFF: Kunststoffbearbeitung, Kunststoffmontage
ELEKTRO: Elektromontage, Kabelkonfektionierung
MAILING UND VERSANDARBEITEN
VERPACKUNGSARBEITEN
GARTEN-/LANDSCHAFTSPFLEGE: Garten- und Pflanzenpflege, 
Landschaftspflege
SONSTIGE LEISTUNGEN: Qualitätssicherung (Produktkontrolle für externe 
F",www.samocca.deBaden-Württemberg,samocca.heidenheim@samariterstiftung.de,,
Unknown,"Auftragsarbeiten:
METALL: CNC-Bearbeitung (CNC-Fertigung von Fräs- und Drehteilen), 
Trennen (Konventionelle Bearbeitung: z. B. Sägen, Entgraten, Bohren, 
Gewindeformen)
HOLZ: Holzbearbeitung, Holzmontage, Möbelfertigung, Spielzeugherstellung
KUNSTSTOFF: Kunststoffbearbeitung, Kunststoffmontage
ELEKTRO: Elektromontage, Kabelkonfektionierung
EDV-/BÜRODIENSTLEISTUNGEN
MAILING UND VERSANDARBEITEN
VERPACKUNGSARBEITEN
HAUSWIRTSCHAFT: Catering/Partyservice, Wäscherei
GARTEN-/LANDSCHAFTSPFLEGE: Garten-",https://www.habila.de/,thomas.klement@habila.de,,
Unknown,"Auftragsarbeiten:
MONTAGE: Pressen/Nieten, Montage kompletter Baugruppen, O-Ring und 
Dichtpaketmontage mit optischer Überprüfung
METALL: Metallbearbeitung: CNC Fräsen/Sägen, Bohren, Senken, Reiben, 
Gewindeschneiden, Bürsten, Entgraten, Montieren, Nieten, Verstemmen,
HOLZ: Holzverarbeitung, Holzmontage, Kistenfertigung, Paletten Herstellung, 
Hobelwaren, CNC-Bearbeitungszentrum mit umfänglichen 
Produktionsmöglichkeiten
KUNSTSTOFF: Kunststoffbearbeitung, Kunststoffmontage, 
Ultraschallschweißen",http://www.haus-lindenhof.de,alois.kohl@haus-lindenhof.de,,
Unknown,"Auftragsarbeiten:
HAUSWIRTSCHAFT: Wäscherei
GARTEN-/ LANDSCHAFTSPFLEGE: Garten- und Pflanzenpflege, 
Landschaftspflege, Tierpflege
SONSTIGE LEISTUNGEN: Betrieb des ""Eins+Alles Erfahrungsfeld der Sinne"" 
als WfbM und eines Shops zum Verkauf von Produkten der WfbM sowie 
anderer Produkte
KAFFEERÖSTEREI: Lohnrösten von Bio-Kaffee
GASTRONOMIE: Betrieb eines Café-Restaurants und eines Cafés mit Rösterei
Produkte:
LEBENSMITTEL: Bio-Kaffee (Kaffeerösterei, Online-Handel: siehe https://  
biokaffeemitsi",,,,
Unknown,"Auftragsarbeiten:
Industrie: Montagetätigkeiten. Manuelle und maschinell Montage; presse, 
nieten, schrauben, montieren.
Metall: Metallbearbeitung in Kooperation mit dem Integrationsunternehmen 
'Nikowerk'.
Druck/Grafik: Bedrucken von Gegenständen (Tampondruck), Brailledruck 
(Blindenschrift).
Verpackungsarbeiten: Verpackung und Kommissionierung, manuelle und 
maschinelle Bearbeitung, stückgenaue Verpackung, schrumpfen, bündeln, 
kommissionieren.
Sonstige Leistungen:
Herstellung von Besen und Bü",https://www.laufenmuehle.de/,info@laufenmuehle.de,,
Unknown,"Auftragsarbeiten:
METALL: Trennen, Fügen, Metallmontage
HOLZ: Holzbearbeitung, Holzmontage
KUNSTSTOFF: Kunststoffmontage
ELEKTRO: Elektromontage
EDV-/BÜRODIENSTLEISTUNGEN
MAILING UND VERSANDARBEITEN
VERPACKUNGSARBEITEN
HAUSWIRTSCHAFT: Catering/Partyservice, Reinigungsarbeiten
Produkte:
LEBENSMITTEL: Torten per Konfigurator, Konditoreiprodukte, Maultaschen
Kühlschrankmagnete
Wäschekörbe Holz
Einmal-Ich - SilberschmuckWeitere Betriebsstätten:
Hauptwerkstatt:
WEK Esslingen
Röntgenstraße 36
73730 Es",www.cafe-morlock.de,info@w-e-k.de,,
Unknown,"Auftragsarbeiten:
MONTAGE: Metall, Kunststoff, Elektro, Konfektionieren, 
Druckweiterverarbeitung, Verpackungsarbeiten
HAUSWIRTSCHAFT: Wäscherei, Küche, Standortpflege
GEWÜRZABFÜLLUNG
AKTENVERNICHTUNG
MOSTOBSTANNAHME mit Ankauf und/oder Saftumtausch
Produkte:
LEBENSMITTEL: Brot und Backwaren, Fleisch- und Wurstwaren, 
Landwirtschaftliche Erzeugnisse, Bioprodukte
EIGENMARKE: Better World: Bioprodukte (Tomatenerzeugnisse; Gewürze; Öle 
etc.)Weitere Betriebsstätten:
Zweigwerk Dettingen/Teck
Kelters",http://www.filderwerkstatt.de,info@filderwerkstatt.de,,
Unknown,"Auftragsarbeiten:
METALL: Metallbearbeitung (spanend), Metallmontage
HOLZ: Holzbearbeitung, Holzmontage, Kistenfertigung
KUNSTSTOFF: Kunststoffteilebearbeitung und -weiterverarbeitung
ELEKTRO: Elektromontage, Kabelkonfektionierung
INDUSTRIEMONTAGE: Handmontage, Verschraubungen
VERPACKUNGSARBEITEN: Konfektionieren, Skin-, Blister- und 
Beutelverpackung
GARTEN-/LANDSCHAFTSPFLEGE: Landschaftspflege, Pflege öffentlicher 
Flächen, Pflege von Betriebsgelände
SONSTIGE LEISTUNGEN: Logistische Leistungen",http://www.die-lebenswerkstatt.de/,info@die-lebenswerkstatt.de,,
Unknown,"Auftragsarbeiten:
METALL: Trennen, CNC-Bearbeitung, Fügen, Metallmontage
KUNSTSTOFF: Kunststoffbearbeitung
ELEKTRO: Kabelkonfektionierung
RECYCLING: Elektro-/Elektronik-Recycling
VERPACKUNGSARBEITEN
HAUSWIRTSCHAFT: Wäscherei
SONSTIGE LEISTUNGEN: FahrradwerkstattWeitere Betriebsstätten:
Arbeits- und Wohnstätten gGmbH
Kreuzäckerstr. 38-40
74081 Heilbronn
Arbeits- und Wohnstätten GmbH
Therapeutikum
Werkstattgebäude
Kreuzäckerstr. 35
74081 Heilbronn
Arbeits- und Wohnstätten gGmbH
Brechdarrweg 46
746",,,,
Unknown,"Auftragsarbeiten:
METALL: Trennen, Fügen, Metallmontage
KUNSTSTOFF: Kunststoffmontage
ELEKTRO: Elektromontage
RECYCLING: Elektro-/Elektronik-Recycling, Metall-Recycling, Demontagearbeiten
DRUCK/GRAFIK: Druckerei, Druckweiterverarbeitung, Grafische Gestaltung, Fotokopieren
EDV-/BÜRODIENSTLEISTUNGEN
MAILING UND VERSANDARBEITEN
VERPACKUNGSARBEITEN
SONSTIGE LEISTUNGEN: Buchhandel
Produkte:
PAPIERWAREN
Seite - 34 -Evangelische Stiftung Lichtenstern  
Lichtensterner Werkstätten",http://www.therapeutikumheilbronn.de,info@therapeutikumheilbronn.de,,
Unknown,"Auftragsarbeiten:
METALL: Trennen, Fügen, Metallmontage
KUNSTSTOFF: Kunststoffmontage
ELEKTRO: Kabelkonfektionierung
RECYCLING: Demontagearbeiten
VERPACKUNGSARBEITEN
GARTEN-/LANDSCHAFTSPFLEGE: Garten- und Pflanzenpflege, 
Landschaftspflege
SONSTIGE LEISTUNGEN: Fahrradwerkstatt, Logistische Leistungen, 
Gastronomie (Café Theo),
Wartung und Reparatur von Rollstühlen, Verleih von Biergarnituren (Bänke und 
Tische), Wohnungsauflösungen
Produkte:
TEXTIL-/LEDERWAREN: Bekleidung, Haus- und Heimtextilie",,,,
Unknown,"Auftragsarbeiten:
METALL: Umformen (z. B. Biegen), Trennen (z. B. Sägen, Drehen, Fräsen, 
Bohren, Lochstanzen)
KUNSTSTOFF: Kunststoffbearbeitung
ELEKTRO: Elektromontage, Kabelkonfektionierung, Elektrocheck
EDV-/BÜRODIENSTLEISTUNGEN
MAILING UND VERSANDARBEITEN
VERPACKUNGSARBEITEN: just in time
GARTEN-/LANDSCHAFTSPFLEGE: Garten- und Landschaftsbau, Garten- und 
Pflanzenpflege, Landschaftspflege
SONSTIGE LEISTUNGEN: Gastronomie (Café Samocca), Qualitätssicherung 
(Produktkontrolle für externe Firme",http://www.lichtenstern.de,werkstatt@lichtenstern.de,,
Unknown,"Auftragsarbeiten:
METALL: Umformen, Trennen, Fügen, Metallmontage, Stanzungen
HOLZ: Holzbearbeitung, Holzmontage, Möbelfertigung
TEXTIL: Näherei, Weberei
LACKIERARBEITEN/BESCHICHTUNGEN: Malerarbeiten aller Art
BAU-/RENOVIERUNGSARBEITEN - Maurer, Maler
MONTAGE- UND VERPACKUNGSARBEITEN - Industrieaufträge jeglicher Art, 
Stückzahlen auch >1Mio, große Lagerflächen
HAUSWIRTSCHAFT: Wäscherei
GARTEN-/LANDSCHAFTSPFLEGE: Garten- und Landschaftsbau, Garten- und 
Pflanzenpflege, Landschaftspflege, Landwir",,,,
Unknown,"Auftragsarbeiten:
MONTAGE: Allgemeine Montagearbeiten
METALL: Trennen, CNC-Bearbeitung, Fügen, Metallmontage
BEARBEITUNG: Verschiedener Materialien (z. B. Holz/ Metall/ Kunststoffe)
ELEKTRO: Kabelkonfektionierung
DIENSTLEISTUNGEN: Bürodienstleistungen und Industrie Service vor Ort
KONVEKTIONIERUNGS-/VERPACKUNGSARBEITEN: Konfektionieren und Verpacken nach Kundenangaben
GARTEN-/LANDSCHAFTSPFLEGE: Landschaftspflege (Komplettpflege von Außenanlagen)
Seite - 36 -Mosbacher Werkstätten der Johannes-Dia",http://www.weckelweiler.de,info@weckelweiler.de,,
Unknown,"Auftragsarbeiten:
MONTAGE: Allgemeine Montagearbeiten
METALL: Spanabhebende mechanische Bearbeitung, Metallmontage
BEARBEITUNG: Verschiedener Materialien (z. B. Holz/ Metall/ Kunststoffe)
ELEKTRO: Kabelkonfektionierung, Elektromontagearbeiten
RECYCLING: Papier- und Kartonage Recycling
DIENSTLEISTUNGEN: Interner und externer Postdienst. Industrie Service vor 
Ort
MAILING- UND VERSANDARBEITEN: Kuvertieren, frankieren und versenden 
von Druckerzeugnissen je nach Kundenvorgabe
VERPACKUNGSARBEITEN: m",,,,
Unknown,"Auftragsarbeiten:
METALL: Fügen, Metallmontage
HOLZ: Holzmontage
KUNSTSTOFF: Kunststoffmontage
ELEKTRO: Elektromontage, Kabelkonfektionierung
TEXTIL/LEDER: Näherei, Stickerei, Betrieb zweier Kleiderspendeläden
RECYCLING: Demontagearbeiten
VERPACKUNGSARBEITEN
Produkte:
KUNSTHANDWERK: Holzarbeiten, TextilienWeitere Betriebsstätten:
Frankenland-Werkstätten der 
Johannes Diakonie
Carl-Benz-Str. 3
74722 Buchen
Telefon: 06281 56480-0
Telefax: 06281 56480-19Baden-Württemberg (Bezirk der Regionaldirekti",http://www.johannes-diakonie.de,sven.schuessler@johannes-diakonie.de,,
Unknown,"Auftragsarbeiten:
MONTAGE: Allgemeine Montagearbeiten
METALL: Trennen, CNC-Bearbeitung, Fügen,
BEARBEITUNG: Verschiedener Materialien (z. B. Holz/ Metall/ Kunststoffe)
HOLZ: CNC-Holzbearbeitung, Kistenfertigung, Sonder-/ Palettenherstellung, 
Möbelfertigung
ELEKTRO: Kabelkonfektionierung, Lötarbeiten
TEXTIL/ LEDER: Näherei
PULVERBESCHICHTUNG: Pulverbeschichtung
DRUCK/ GRAFIK: Bedrucken von Gegenständen (Thermotransferdruck)
VERPACKUNGSARBEITEN: Verpackungsarbeiten
Produkte:
LEBENSMITTEL: Bioprod",,,,
Unknown,"Auftragsarbeiten:
METALL: Trennen, Fügen, Metallmontage
HOLZ: Holzbearbeitung, Holzmontage, Möbelfertigung nach Kundenwunsch
KUNST-WERKSTATT: Outsider ART
KUNSTSTOFF: Kunststoffmontage
ELEKTRO: Elektromontage, Kabelkonfektionierung
RECYCLING: Papier- und Altkartonagen-Recycling
MAILING UND VERSANDARBEITEN
VERPACKUNGSARBEITEN
HAUSWIRTSCHAFT: Catering (Küche: Zubereitung von Speisen, Frühstück); Kioskverkauf durch Menschen mit 
Behinderung, Wäscherei, Wäschesortierung
GARTEN-/LANDSCHAFTSPFLEGE: La",http://www.johannes-diakonie.de,michael.werner@johannes-diakonie.de,,
Unknown,"Auftragsarbeiten:
METALL: Metallmontage
KUNSTSTOFF: Kunststoffmontage
ELEKTRO: Elektromontage
VERPACKUNGSARBEITEN
GARTEN-/LANDSCHAFTSPFLEGE: Garten- und Pflanzenpflege, 
Landschaftspflege
HAUSWIRTSCHAFT: Catering (Speisezubereitung für Kindergärten, 
Kinderhorte und Schulkindbetreuung, In einer ausgelagerten Großküche 
bereiten wir für Kindergärten und Schulen Mittagessen zu.)
SONSTIGE LEISTUNGEN: Qualitätskontrolle (für externe Firmen), 
Schmuckbereich (z.B. Finierarbeiten)Weitere Betriebsstätt",https://www.caritas-pforzheim.de/,reha-werkstatt@caritas-pforzheim.de,,
Unknown,"Auftragsarbeiten:
METALL: Umformen, Fügen, Trennen, CNC-Bearbeitung, Metallmontage
HOLZ: Holzbearbeitung, CNC-Bearbeitung, Holzmontage, Kistenfertigung, 
Palettenherstellung, Möbelfertigung, Spielzeugherstellung
ELEKTRO: Elektromontage, Kabelkonfektionierung
LACKIERARBEITEN/BESCHICHTUNGEN
DRUCK/GRAFIK: Druckerei (z. B. Etiketten-, Visitenkartendruck) 
Druckweiterverarbeitung, Grafische Gestaltung,Fotokopieren
EDV-/BÜRODIENSTLEISTUNGEN
MAILING UND VERSANDARBEITEN
VERPACKUNG- UND MONTAGEARBEITEN
G",http://www.lebenshilfe-pforzheim.de,info@lebenshilfe-pforzheim.de,,
Unknown,"Auftragsarbeiten:
Küche (küchenfertige Vorbereitung von Gemüse: Putzen, Schälen, Schneiden, 
Würfeln u.a.)
Wäscherei: Bearbeitung Kundenwäsche gewerblich und privat
Bürowerkstatt: Digitalisierungsarbeiten, Montage, Schreddern
Produkte:
LEBENSMITTEL: Landwirtschaftliche Erzeugnisse, Bioprodukte (Demeter-  
Gemüse roh + küchenfertig bearbeitet), Eier, Einmachprodukte (Brotaufstriche 
süß und herzhaft; Chutneys u.a.), Tees und Kräuter
Anzündholz, KunsthandwerkWeitere Betriebsstätten:
Hauptwerkstatt",http://www.auenhof.org,werkstattleitung@auenhof.org,,
Unknown,"Auftragsarbeiten:
METALL: Umformen, Trennen, Fügen
HOLZ: Holzbearbeitung, Holzmontage, Spielzeugherstellung
SONSTIGE LEISTUNGEN: Gastronomie, Landwirtschaft, Catering
Produkte:
LEBENSMITTEL: Brot und Backwaren, Molkereierzeugnisse, Gemüse, Pestos, Fruchtaufstriche
KUNSTHANDWERK: Holz, Metall
SPIELWAREN: Holzspielwaren, Therapeutisches Spielzeug
Seite - 42 -HWK gGmbH  
Hagsfelder Werkstätten und Wohngemeinschaften Karlsruhe 
gGmbH",http://www.tennental.de,info@tennental.de,,
Unknown,"Auftragsarbeiten:
METALL: Trennen (Drehen, Fräsen, Sägen, Bohren), Fügen, Metallmontage
HOLZ: Holzbearbeitung, Holzmontage, Kistenfertigung, Palettenherstellung, 
Möbelfertigung
KUNSTSTOFF: Kunststoffverarbeitung, Kunststoffbearbeitung, 
Kunststoffmontage
ELEKTRO: Elektromontage, Kabelkonfektionierung
TEXTIL/LEDER: Näherei
LACKIERARBEITEN/BESCHICHTUNGEN
DRUCK/GRAFIK: Fotokopieren, Bedrucken von Gegenständen
EDV-/BÜRODIENSTLEISTUNGEN
MAILING UND VERSANDARBEITEN: Lettershop, Druck & Mailservice
VE",http://www.hwk.com,info@hwk.com,,
Unknown,"Auftragsarbeiten:
METALL: Fügen, Metallmontage
HOLZ: Holzbearbeitung, Holzmontage, Möbelfertigung, Lohnarbeiten
ELEKTRO: Elektromontage
TEXTIL/LEDER: Näherei, Wäsche sortieren
EDV-/BÜRODIENSTLEISTUNGEN
VERPACKUNG/KONFEKTIONIERUNG
GARTEN-/LANDSCHAFTSPFLEGE
HAUSWIRTSCHAFT
EINZELHANDEL
Produkte:
TEXTIL-/LEDERWAREN: Haus- und Heimtextilien (Putztücher, 
Kirschkernsäckchen, Filztaschen, Taschen aus Fahnen)
MÖBEL: Möbel/Lattenroste (www.benevita-lebenshilfe.de)Weitere Betriebsstätten:
Werkstatt Achern",http://www.lebenshilfe-bba.de/,cap-buehl@wdl-ggmbh.de,,
Unknown,"Auftragsarbeiten:
METALL: Trennen (z. B. Sägen, Bohren, Gewindeschneiden, Drehen, Fräsen), 
Fügen, Metallmontage, CNC-Bearbeitung (CNC-Drehmaschine)
KUNSTSTOFF: Kunststoffmontage
ELEKTRO: Elektromontage, Kabelkonfektionierung
DRUCK/GRAFIK: Bedrucken von Gegenständen (Tampondruck)
EDV-/BÜRODIENSTLEISTUNGEN: Digitale Archivierung, Büroarbeiten
VERPACKUNGSARBEITEN: Elektro, Metall, Werbesendungen
GARTEN-/LANDSCHAFTSPFLEGE: Garten- und Pflanzenpflege, 
Landschaftspflege
SONSTIGE LEISTUNGEN:
Aktenver",https://m-w-w.net,info@m-w-w.net,,
Unknown,"Auftragsarbeiten:
METALL: Trennen (z. B. Sägen, Fräsen, Drehen, Bohren), Metallmontage
HOLZ: Holzbearbeitung, Holzmontage
KUNSTSTOFF: Kunststoffmontage
ELEKTRO: Elektromontage, Kabelkonfektionierung, Elektrogeräteprüfung nach 
DGUV Vorschrift 3
MONTAGEARBEITEN: von Kleinteilmontage bis Zusammenfügen von 
Baugruppen
TEXTIL: Näherei, Zuschnitt, Stanzen, Kommissionieren
DRUCK/GRAFIK: Druckerei (Digital- und Transferdruck), 
Druckweiterverarbeitung, Bedrucken von Gegenständen
EDV-/BÜRODIENSTLEISTUNG",http://www.lebenshilfe-bruchsal.de,info@lebenshilfe-bruchsal.de,,
Unknown,"Auftragsarbeiten:
ELEKTRO: Elektromontage, Kabelkonfektionierung, Kabelbaumfertigung am 
Prüfbrett mit Dokumentation des Prüfergebnisses, Steckerbedruckung, 
Montage von Elektro- und Elektronikbauteilen, Verdrahtung von Steuerungen, 
Installation von Lichtleisten und Lampen inkl. Schutzprüfung, Lötarbeiten
VERPACKUNGS- und KONFEKTIONIERUNGSARBEITEN: Ettiketierarbeiten 
aller Art, Kuvertierarbeiten, Falt- und Klebearbeiten, Konfektionierung, 
Schweißen und Schrumpfen mit Halbautomaten, Serielle M",http://www.reha-offenburg.de,wfb@reha-offenburg.de,,
Unknown,"Auftragsarbeiten:
METALL: Trennen (z. B. Sägen, Bohren, Senken, Gewindeschneiden, Drehen), 
CNC-Bearbeitung (CNC-Fräsen), Fügen (z. B. Schutzgasschweißen)
ELEKTRO: Elektromontage, Kabelkonfektionierung, EQ-Check (Prüfung 
ortveränderlicher elektrischer Betriebsmittel nach DGUV Vorschrift 3)
RECYCLING: Elektro-/Elektronik-Recycling (IT-Equipment)
DRUCK/GRAFIK: Druckerei, Druckweiterverarbeitung
EDV-/BÜRODIENSTLEISTUNGEN: Digitale Archivierung (Daten digitalisieren)
MONTAGE- UND VERPACKUNGSARBEITE",,,,
Unknown,"Auftragsarbeiten:
METALL: Trennen, Metallmontage
KUNSTSTOFF: Kunststoffmontage
ELEKTRO: Kabelkonfektionierung
RECYCLING: Kork-Recycling, Demontagearbeiten
DRUCK/GRAFIK: Druckerei (Digitaldruckerei), Druckweiterverarbeitung, 
Fotokopieren, Bedrucken von Gegenständen (Transferdruck)
VERPACKUNGSARBEITEN: Konfektionierung: Kosmetikartikel, Montagesets
SONSTIGE LEISTUNGEN: Gastronomie (Restaurant-Café)
Produkte:
PAPIERWAREN: z. B. Schreib-/Kollegeblöcke, Notizwürfel, Trennlaschen, 
Gedrehte Blöcke, K",http://www.lebenshilfe-offenburg.de,info@lebenshilfe-offenburg.de,,
Unknown,"Auftragsarbeiten:
METALL: Trennen (z. B. Drehen, Fräsen, Bohren, Gewindeschneiden, 
Entgraten und Senken), CNC-Bearbeitung
TEXTILBESTICKUNG: Besticken von Textilien
DRUCKTECHNIK: Sieb-, Tampon-, Digital- und Textildruck sowie verschiedene 
Prägetechniken
LASERTECHNIK: Lasergravur auf Metalloberflächen
MONTAGE- UND VERPACKUNGSARBEITEN
Produkte:
TEXTIL-/LEDERWAREN: Lederwaren, Stofftaschen
BÜROARTIKEL: Schreibgeräte, Kalender, sonstiger Bürobedarf
WERBEMITTEL: umfangreiches Angebot an Werbeartikel",http://www.Lhke.de,geschaeftsstelle@wfb-haslach.de,,
Unknown,"Auftragsarbeiten:
ELEKTRO: Elektromontage, Kabelkonfektionierung, Kabelbaumfertigung am 
Prüfbrett mit Dokumentation des Prüfergebnisses, Steckerbedruckung, 
Montage von Elektro- und Elektronikbauteilen, Verdrahtung von Steuerungen, 
Installation von Lichtleisten und Lampen inkl. Schutzprüfung, Lötarbeiten
VERPACKUNGS- und KONFEKTIONIERUNGSARBEITEN: Ettiketierarbeiten 
aller Art, Kuvertierarbeiten, Falt- und Klebearbeiten, Konfektionierung, 
Schweißen und Schrumpfen mit Halbautomaten, Serielle M",http://www.reha-offenburg.de,wfb@reha-offenburg.de,,
Unknown,"Auftragsarbeiten:
METALL: Umformen, Trennen, CNC-Bearbeitung, Fügen (z. B. 
Punktschweißen), Metallmontage, Gleitschleifen
HOLZ: Holzbearbeitung, Palettenherstellung
KUNSTSTOFF: Kunststoffbearbeitung
ELEKTRO: Elektromontage
VERPACKUNGSARBEITEN: z. B. Konfektionieren
GARTEN-/LANDSCHAFTSPFLEGE: Garten- und Pflanzenpflege, Grabpflege, 
LandschaftspflegeWeitere Betriebsstätten:
Blumenwerkstatt
Joseph Greber Str. 11
77955 Ettenheim
Telefon: 07822 7890631
Telefax: 07822 8624704
Behinderten-Werkstätten",,,,
Unknown,,,,,
Unknown,,http://www.johannes-diakonie.de,WfBM.Lahr@johannes-diakonie.de,,
Unknown,"Auftragsarbeiten:
METALL: Trennen (Bohren, Senken, Drehen), Fügen (Nieten)
MONTAGEARBEITEN: An Baugruppen für die Metall- und Elektroindustrie
MAILING UND VERSANDARBEITEN
VERPACKUNGSARBEITEN: Für die Metall- und Elektroindustrie, 
Kartonagenverarbeitung
GARTEN-/LANDSCHAFTSPFLEGE: Garten- und Anlagenpflege
SONSTIGE LEISTUNGEN: Tierhaltung und Pferdepflege
Produkte:
KUNSTHANDWERK: Keramik (Zier- und Gebrauchskeramik), HolzarbeitenWeitere Betriebsstätten:
Betriebsstätte Donaueschingen
Allensteinstr",,,,
Unknown,"Auftragsarbeiten:
METALL: CNC-Bearbeitung, Metallmontage
HOLZ: Holzbearbeitung, Holzmontage, Kistenfertigung, Palettenherstellung, 
Möbelfertigung, Spielzeugherstellung
KUNSTSTOFF: Kunststoffmontage
ELEKTRO: Elektromontage, Kabelkonfektionierung
RECYCLING: Demontagearbeiten
MAILING UND VERSANDARBEITEN
VERPACKUNGSARBEITEN: z.B. Montage, Konfektion
SONSTIGE LEISTUNGEN: Qualitätssicherung (Produktkontrolle für externe 
Firmen)Weitere Betriebsstätten:
Werkstätte St. Michael
Im Eschle 8
78333 Stockac",http://www.bruderhausdiakonie.de,patrick.fischer@bruderhausdiakonie.de,,
